trait	nbr_taxa_pop	nbr_taxa_phy	var_within	var_between	ratio	ratio_pv	method	dataset
Orthogroup_13356	19	19	759.3806	2039.2933	2.6855	1.0000	Bayesian	kidney
Orthogroup_6635	22	22	96416.1814	467417.0225	4.8479	1.0000	Bayesian	liver
Orthogroup_3088	17	17	1474.5754	6417.3636	4.3520	1.0000	Bayesian	testis
Orthogroup_15216	19	19	250.3779	877.0726	3.5030	1.0000	Bayesian	kidney
Orthogroup_7877	19	19	11133.5437	33940.0514	3.0485	1.0000	Bayesian	kidney
Orthogroup_100	19	19	7961.5130	27715.8408	3.4812	1.0000	Bayesian	kidney
Orthogroup_19530	17	17	11664.9754	79405.0759	6.8071	1.0000	Bayesian	testis
Orthogroup_7561	22	22	2607.7590	34546.9129	13.2477	1.0000	Bayesian	liver
Orthogroup_7562	22	22	45556.5232	92110.7795	2.0219	1.0000	Bayesian	liver
Orthogroup_7943	19	19	233.7084	766.0239	3.2777	1.0000	Bayesian	kidney
Orthogroup_4374	17	17	606.7384	12551.3727	20.6866	1.0000	Bayesian	testis
Orthogroup_8137	19	19	185.4084	1431.9685	7.7233	1.0000	Bayesian	kidney
Orthogroup_5314	17	17	245.5147	1303.5971	5.3097	1.0000	Bayesian	testis
Orthogroup_13308	19	19	1838.1729	10803.7614	5.8774	1.0000	Bayesian	cerebellum
Orthogroup_5496	17	17	28371.8358	541471.6934	19.0848	1.0000	Bayesian	testis
Orthogroup_12689	19	19	12571.9908	24144.6691	1.9205	1.0000	Bayesian	cerebellum
Orthogroup_8271	19	19	3204.1319	6404.6147	1.9989	1.0000	Bayesian	kidney
Orthogroup_7764	19	19	245948.2036	595156.3699	2.4198	1.0000	Bayesian	kidney
Orthogroup_1882	19	19	83.0078	4661.4198	56.1564	1.0000	Bayesian	kidney
Orthogroup_12153	19	19	164356.6822	378167.2563	2.3009	1.0000	Bayesian	cerebellum
Orthogroup_7581	19	19	562.7341	41728.6534	74.1534	1.0000	Bayesian	kidney
Orthogroup_1513	22	22	1419.8166	370076.0980	260.6506	1.0000	Bayesian	liver
Orthogroup_6187	19	19	1828.1626	5092.1729	2.7854	1.0000	Bayesian	kidney
Orthogroup_6223	19	19	2174.3292	7971.0243	3.6660	1.0000	Bayesian	kidney
Orthogroup_6346	19	19	147544.6615	400717.4897	2.7159	1.0000	Bayesian	kidney
Orthogroup_4503	19	19	630.8346	2612.7545	4.1417	1.0000	Bayesian	kidney
Orthogroup_5497	22	22	3822.9866	16235.0466	4.2467	1.0000	Bayesian	liver
Orthogroup_3709	19	19	4591.8242	69627.7603	15.1634	1.0000	Bayesian	kidney
Orthogroup_6191	22	22	97306.7959	2816663.8202	28.9462	1.0000	Bayesian	liver
Orthogroup_3238	19	19	1927.5483	5074.2137	2.6325	1.0000	Bayesian	kidney
Orthogroup_7245	19	19	371.9035	1246.6714	3.3521	1.0000	Bayesian	kidney
Orthogroup_3180	19	19	1655.6913	3127.8408	1.8891	1.0000	Bayesian	kidney
Orthogroup_3088	19	19	3783.9463	242010.2466	63.9571	1.0000	Bayesian	kidney
Orthogroup_7552	19	19	381.3551	3144.9058	8.2467	1.0000	Bayesian	kidney
Orthogroup_864	22	22	18181.6556	317759.7430	17.4769	1.0000	Bayesian	liver
Orthogroup_2498	19	19	86.0339	539.3562	6.2691	1.0000	Bayesian	kidney
Orthogroup_5885	19	19	400.0755	2400.0879	5.9991	1.0000	Bayesian	kidney
Orthogroup_1654	22	22	95.1787	2292.0811	24.0819	1.0000	Bayesian	liver
Orthogroup_11219	19	19	17555.8298	154950.3535	8.8261	1.0000	Bayesian	cerebellum
Orthogroup_3235	22	22	1880.2384	3719897.7704	1978.4181	1.0000	Bayesian	liver
Orthogroup_5454	19	19	12707.1691	49104.2378	3.8643	1.0000	Bayesian	cerebellum
Orthogroup_13019	22	22	1407.5224	6190.2593	4.3980	1.0000	Bayesian	liver
Orthogroup_12561	19	19	7646.8557	16429.3414	2.1485	1.0000	Bayesian	kidney
Orthogroup_4957	19	19	1925.3024	5923.4874	3.0767	1.0000	Bayesian	cerebellum
Orthogroup_18126	17	17	20981.4986	139490.5549	6.6483	1.0000	Bayesian	testis
Orthogroup_12317	17	17	13530.9877	133126.2263	9.8386	1.0000	Bayesian	testis
Orthogroup_3088	22	22	1442.5881	43199.7439	29.9460	1.0000	Bayesian	liver
Orthogroup_12679	22	22	4046.9747	17728.3975	4.3807	1.0000	Bayesian	liver
Orthogroup_13721	17	17	543.6934	76426.3172	140.5688	1.0000	Bayesian	testis
Orthogroup_3088	19	19	2066.6242	52966.9881	25.6297	1.0000	Bayesian	cerebellum
Orthogroup_14366	17	17	43.7783	1061.2567	24.2416	1.0000	Bayesian	testis
Orthogroup_17272	22	22	1068.7111	6235.4455	5.8345	1.0000	Bayesian	liver
Orthogroup_2822	22	22	13.3387	456.7944	34.2457	1.0000	Bayesian	liver
Orthogroup_13992	19	19	346.9706	124627.7774	359.1883	1.0000	Bayesian	kidney
Orthogroup_5532	19	19	185406.1828	656219.4571	3.5394	1.0000	Bayesian	cerebellum
Orthogroup_18554	17	17	1281.9915	3911.8740	3.0514	1.0000	Bayesian	testis
Orthogroup_7562	17	17	91834.2754	631940.3875	6.8813	1.0000	Bayesian	testis
Orthogroup_7344	19	19	3416.6534	13861.4115	4.0570	1.0000	Bayesian	cerebellum
Orthogroup_4033	22	22	8800.9521	21767.0251	2.4733	1.0000	Bayesian	liver
Orthogroup_8137	19	19	568.7907	2020.4954	3.5523	1.0000	Bayesian	cerebellum
Orthogroup_8594	19	19	4517.9487	15642.3360	3.4623	1.0000	Bayesian	kidney
Orthogroup_11375	22	22	282859.5679	2703729.3434	9.5586	1.0000	Bayesian	liver
Orthogroup_7764	19	19	12153.2284	111185.2765	9.1486	1.0000	Bayesian	cerebellum
Orthogroup_7562	19	19	18440.4181	2608329.2424	141.4463	1.0000	Bayesian	cerebellum
Orthogroup_3464	22	22	379.2275	17480.9677	46.0963	1.0000	Bayesian	liver
Orthogroup_15087	19	19	152.2003	423.9357	2.7854	1.0000	Bayesian	kidney
Orthogroup_12102	22	22	2015.4092	5438.7373	2.6986	1.0000	Bayesian	liver
Orthogroup_12153	19	19	1743.4760	8190.7106	4.6979	1.0000	Bayesian	kidney
Orthogroup_15009	19	19	995.1730	4285.3452	4.3061	1.0000	Bayesian	kidney
Orthogroup_6346	19	19	29129.1041	107495.8535	3.6903	1.0000	Bayesian	cerebellum
Orthogroup_13440	17	17	141.6332	607.8433	4.2917	0.9993	Bayesian	testis
Orthogroup_8555	19	19	8352.3211	15734.7865	1.8839	0.9975	Bayesian	cerebellum
Orthogroup_3391	19	19	575.4768	1255.0614	2.1809	0.9975	Bayesian	cerebellum
Orthogroup_14227	19	19	3788.3838	6954.2053	1.8357	0.9949	Bayesian	cerebellum
Orthogroup_4302	22	22	504.0355	972.6960	1.9298	0.9944	Bayesian	liver
Orthogroup_12249	19	19	7139.2363	15273.2003	2.1393	0.9924	Bayesian	cerebellum
Orthogroup_6346	22	22	284231.8803	505286.7381	1.7777	0.9916	Bayesian	liver
Orthogroup_3982	17	17	1182.7352	2585.4091	2.1860	0.9915	Bayesian	testis
Orthogroup_50	17	17	293.2366	661.0392	2.2543	0.9895	Bayesian	testis
Orthogroup_7764	22	22	104853.2103	193757.9371	1.8479	0.9888	Bayesian	liver
Orthogroup_17873	22	22	27966.9316	50431.9897	1.8033	0.9888	Bayesian	liver
Orthogroup_8137	22	22	287.8366	558.5512	1.9405	0.9874	Bayesian	liver
Orthogroup_552	19	19	301.2956	582.1029	1.9320	0.9863	Bayesian	kidney
Orthogroup_8998	19	19	39320.7273	69399.2192	1.7650	0.9863	Bayesian	kidney
Orthogroup_15289	19	19	188113.3389	320988.3082	1.7064	0.9863	Bayesian	kidney
Orthogroup_4662	19	19	2851.4380	6370.0836	2.2340	0.9863	Bayesian	kidney
Orthogroup_8723	19	19	1523.3204	2655.3161	1.7431	0.9863	Bayesian	kidney
Orthogroup_1128	19	19	89738.4276	161222.2466	1.7966	0.9863	Bayesian	kidney
Orthogroup_2702	19	19	266135.5542	595698.6644	2.2383	0.9863	Bayesian	kidney
Orthogroup_4962	19	19	4247.6430	7487.6435	1.7628	0.9773	Bayesian	cerebellum
Orthogroup_13463	19	19	1967.9376	3224.8800	1.6387	0.9726	Bayesian	kidney
Orthogroup_14889	19	19	3588.2361	5392.8668	1.5029	0.9726	Bayesian	kidney
Orthogroup_3182	19	19	570.5263	916.2190	1.6059	0.9726	Bayesian	kidney
Orthogroup_1573	17	17	7095.4133	11672.7764	1.6451	0.9719	Bayesian	testis
Orthogroup_3712	19	19	15567.4966	23999.1167	1.5416	0.9672	Bayesian	cerebellum
Orthogroup_1012	22	22	13258.5160	20184.9449	1.5224	0.9663	Bayesian	liver
Orthogroup_6834	17	17	9798.6854	15872.3332	1.6198	0.9595	Bayesian	testis
Orthogroup_15339	22	22	4424.6835	7532.9266	1.7025	0.9551	Bayesian	liver
Orthogroup_8362	22	22	2567.1478	4905.4956	1.9109	0.9284	Bayesian	liver
Orthogroup_5885	17	17	853.9625	1443.1019	1.6899	0.9254	Bayesian	testis
Orthogroup_8389	19	19	54711.0030	78068.8598	1.4269	0.9217	Bayesian	cerebellum
Orthogroup_12508	19	19	1164.1287	1586.1796	1.3625	0.8904	Bayesian	kidney
Orthogroup_1492	19	19	6409.8594	9150.1726	1.4275	0.8864	Bayesian	cerebellum
Orthogroup_12503	19	19	3941.9532	6021.9453	1.5277	0.8788	Bayesian	cerebellum
Orthogroup_7302	19	19	3630.0878	4977.2355	1.3711	0.8687	Bayesian	cerebellum
Orthogroup_12449	22	22	398.9012	1019.7917	2.5565	0.8638	Bayesian	liver
Orthogroup_5039	17	17	79319.7733	106417.6270	1.3416	0.8463	Bayesian	testis
Orthogroup_17715	22	22	331.0554	551.6809	1.6664	0.8441	Bayesian	liver
Orthogroup_2482	22	22	22826.5663	30776.0263	1.3483	0.8413	Bayesian	liver
Orthogroup_4503	22	22	2213.4702	5226.4672	2.3612	0.8357	Bayesian	liver
Orthogroup_14794	17	17	528.6541	756.9111	1.4318	0.8143	Bayesian	testis
Orthogroup_14762	19	19	1688.1524	2294.8638	1.3594	0.8081	Bayesian	cerebellum
Orthogroup_4392	22	22	508205981.2318	612070463.4831	1.2044	0.7907	Bayesian	liver
Orthogroup_19856	17	17	1028.5836	1304.1560	1.2679	0.7809	Bayesian	testis
Orthogroup_3306	19	19	26960.8223	33441.6003	1.2404	0.7803	Bayesian	cerebellum
Orthogroup_8594	17	17	12455.7400	15859.5297	1.2733	0.7606	Bayesian	testis
Orthogroup_469	19	19	3904.5629	5465.0438	1.3997	0.7323	Bayesian	cerebellum
Orthogroup_4204	19	19	3150.0733	4815.9512	1.5288	0.7273	Bayesian	cerebellum
Orthogroup_34	19	19	2750.0696	3487.4481	1.2681	0.7123	Bayesian	kidney
Orthogroup_10079	19	19	1043.6155	1228.8432	1.1775	0.6986	Bayesian	kidney
Orthogroup_13994	17	17	1989.9359	2564.5749	1.2888	0.6946	Bayesian	testis
Orthogroup_7689	19	19	1569.3348	1885.1737	1.2013	0.6793	Bayesian	cerebellum
Orthogroup_14896	17	17	1111.8198	1317.4611	1.1850	0.6632	Bayesian	testis
Orthogroup_13084	22	22	525.5435	653.7541	1.2440	0.6629	Bayesian	liver
Orthogroup_15009	17	17	1775.4589	2106.4031	1.1864	0.6566	Bayesian	testis
Orthogroup_6646	19	19	8837.5630	10038.0395	1.1358	0.6212	Bayesian	cerebellum
Orthogroup_900	19	19	3897.9029	4282.8605	1.0988	0.5890	Bayesian	kidney
Orthogroup_13680	17	17	682.5104	750.1093	1.0990	0.5644	Bayesian	testis
Orthogroup_788	19	19	673.6647	724.8475	1.0760	0.5616	Bayesian	kidney
Orthogroup_13356	19	19	3683.9403	4007.2811	1.0878	0.5530	Bayesian	cerebellum
Orthogroup_4933	19	19	210222.4556	219651.5377	1.0449	0.4932	Bayesian	kidney
Orthogroup_12935	17	17	3774.3737	3920.7094	1.0388	0.4801	Bayesian	testis
Orthogroup_604	17	17	88211.1552	88641.4305	1.0049	0.4526	Bayesian	testis
Orthogroup_15066	22	22	32607.4631	32630.6346	1.0007	0.4424	Bayesian	liver
Orthogroup_2912	22	22	10299.0406	10293.7852	0.9995	0.4368	Bayesian	liver
Orthogroup_6003	19	19	2782.0864	2743.8572	0.9863	0.4091	Bayesian	cerebellum
Orthogroup_6751	19	19	2258.5764	2183.4915	0.9668	0.3973	Bayesian	kidney
Orthogroup_12913	19	19	4485.9678	4317.7029	0.9625	0.3914	Bayesian	cerebellum
Orthogroup_13764	17	17	57313.7647	54293.1567	0.9473	0.3741	Bayesian	testis
Orthogroup_13048	19	19	409988.5409	380164.5377	0.9273	0.3562	Bayesian	kidney
Orthogroup_4621	19	19	14794.0562	14014.1301	0.9473	0.3562	Bayesian	kidney
Orthogroup_6527	22	22	1974.8138	1845.5453	0.9345	0.3511	Bayesian	liver
Orthogroup_2257	19	19	23621.0304	22246.5036	0.9418	0.3510	Bayesian	cerebellum
Orthogroup_5354	19	19	2283.2123	2159.9491	0.9460	0.3425	Bayesian	kidney
Orthogroup_2644	19	19	71908.6153	67439.1781	0.9378	0.3288	Bayesian	kidney
Orthogroup_4383	22	22	11734.0309	10908.1726	0.9296	0.3258	Bayesian	liver
Orthogroup_6288	19	19	10658.3437	9800.7030	0.9195	0.3232	Bayesian	cerebellum
Orthogroup_2674	17	17	15630.9916	14444.7913	0.9241	0.3165	Bayesian	testis
Orthogroup_1960	17	17	19087.9345	17565.6061	0.9202	0.3113	Bayesian	testis
Orthogroup_8257	22	22	58788.1881	54162.4140	0.9213	0.3062	Bayesian	liver
Orthogroup_12441	19	19	4759.3701	4164.5490	0.8750	0.2877	Bayesian	kidney
Orthogroup_13206	19	19	1160.0175	1073.3214	0.9253	0.2877	Bayesian	kidney
Orthogroup_8535	17	17	5145.3817	4569.8069	0.8881	0.2865	Bayesian	testis
Orthogroup_375	19	19	5020.9656	4490.6738	0.8944	0.2727	Bayesian	cerebellum
Orthogroup_17729	19	19	957.0152	874.4235	0.9137	0.2603	Bayesian	kidney
Orthogroup_14735	19	19	2962.6613	2490.7564	0.8407	0.2603	Bayesian	kidney
Orthogroup_2018	19	19	3783.4771	3102.3249	0.8200	0.2192	Bayesian	kidney
Orthogroup_4204	19	19	2895.9181	2482.3028	0.8572	0.2192	Bayesian	kidney
Orthogroup_10628	22	22	397523.4950	340213.8287	0.8558	0.2079	Bayesian	liver
Orthogroup_12344	19	19	86808.0938	72238.1438	0.8322	0.2055	Bayesian	kidney
Orthogroup_17843	19	19	40760.9510	34910.7580	0.8565	0.2020	Bayesian	cerebellum
Orthogroup_1208	19	19	6921.6305	5658.7235	0.8175	0.1793	Bayesian	cerebellum
Orthogroup_7202	19	19	3908.0453	3367.9018	0.8618	0.1781	Bayesian	kidney
Orthogroup_17725	19	19	1096.9372	905.3235	0.8253	0.1781	Bayesian	kidney
Orthogroup_13487	19	19	15834.2701	12670.5211	0.8002	0.1717	Bayesian	cerebellum
Orthogroup_3375	19	19	157173.8643	130135.8946	0.8280	0.1667	Bayesian	cerebellum
Orthogroup_3375	19	19	245184.9745	205321.4075	0.8374	0.1507	Bayesian	kidney
Orthogroup_2703	19	19	8640.0293	6413.9762	0.7424	0.1370	Bayesian	kidney
Orthogroup_12984	19	19	4137.2222	3164.3755	0.7649	0.1370	Bayesian	kidney
Orthogroup_12884	22	22	213816.7973	173210.5836	0.8101	0.1348	Bayesian	liver
Orthogroup_6551	19	19	7550.4846	5651.2795	0.7485	0.1313	Bayesian	cerebellum
Orthogroup_2748	17	17	28392.0413	21949.1779	0.7731	0.1243	Bayesian	testis
Orthogroup_8853	19	19	1866.9080	1447.8005	0.7755	0.1233	Bayesian	kidney
Orthogroup_2140	19	19	22322.1189	16764.1753	0.7510	0.1212	Bayesian	cerebellum
Orthogroup_3375	22	22	63799.2234	50909.4354	0.7980	0.1208	Bayesian	liver
Orthogroup_4933	22	22	32427.5824	26056.9415	0.8035	0.1208	Bayesian	liver
Orthogroup_8555	19	19	35097.5937	25590.1586	0.7291	0.0959	Bayesian	kidney
Orthogroup_951	17	17	129368.3950	92859.7480	0.7178	0.0909	Bayesian	testis
Orthogroup_6203	19	19	83342.8648	60014.1774	0.7201	0.0884	Bayesian	cerebellum
Orthogroup_8638	17	17	18535.5044	13036.7970	0.7033	0.0759	Bayesian	testis
Orthogroup_4271	17	17	4393.8479	3146.8097	0.7162	0.0752	Bayesian	testis
Orthogroup_19836	19	19	33254.4992	21620.0178	0.6501	0.0685	Bayesian	kidney
Orthogroup_3454	19	19	19225.0300	13488.7194	0.7016	0.0657	Bayesian	cerebellum
Orthogroup_4933	19	19	36292.9545	25734.4223	0.7091	0.0657	Bayesian	cerebellum
Orthogroup_13681	19	19	7350.2023	4937.7405	0.6718	0.0581	Bayesian	cerebellum
Orthogroup_4979	19	19	19676.4318	13456.6674	0.6839	0.0581	Bayesian	cerebellum
Orthogroup_8712	17	17	2223.6988	1482.2845	0.6666	0.0562	Bayesian	testis
Orthogroup_14295	19	19	15403.3674	9212.9812	0.5981	0.0411	Bayesian	kidney
Orthogroup_1388	17	17	19004.3199	12062.0723	0.6347	0.0360	Bayesian	testis
Orthogroup_20060	19	19	19046.7513	11906.8152	0.6251	0.0303	Bayesian	cerebellum
Orthogroup_13902	22	22	2547.0530	1639.3007	0.6436	0.0295	Bayesian	liver
Orthogroup_6654	19	19	107658.8107	67483.5499	0.6268	0.0278	Bayesian	cerebellum
Orthogroup_1687	19	19	43811.1116	28375.0421	0.6477	0.0274	Bayesian	kidney
Orthogroup_5532	19	19	226539.5791	129403.4932	0.5712	0.0137	Bayesian	kidney
Orthogroup_7770	19	19	23716.2485	13004.2233	0.5483	0.0137	Bayesian	kidney
Orthogroup_8156	19	19	4760.6693	2855.1933	0.5997	0.0137	Bayesian	kidney
Orthogroup_7968	19	19	152647.4690	90157.4489	0.5906	0.0126	Bayesian	cerebellum
Orthogroup_19297	19	19	391216.9327	229123.3914	0.5857	0.0126	Bayesian	cerebellum
Orthogroup_7910	19	19	28863.5295	15013.9590	0.5202	0.0076	Bayesian	cerebellum
Orthogroup_12973	19	19	55701.0498	26416.8716	0.4743	0.0000	Bayesian	kidney
